season,team,games,points_allowed_sum,pa_pts_sum,sacks,ints,fr,safeties,blk_punts,blk_fgs,ret_td,takeaways,dst_fp_calc,ppg_calc,sacks_pg,takeaways_pg,fp,fp_delta
1999,ARI,15,333,6,31,16,27,0,0,0,3,43,141,9.4,2.066666667,2.866666667,141,0
1999,ATL,15,351,0,39,12,11,1,0,3,2,23,105,7,2.6,1.533333333,105,0
1999,BAL,14,230,33,44,18,20,1,0,1,4,38,181,12.92857143,3.142857143,2.714285714,181,0
1999,BUF,15,223,37,37,11,14,0,0,2,1,25,134,8.933333333,2.466666667,1.666666667,134,0
1999,CAR,15,368,-1,32,11,19,0,1,0,2,30,105,7,2.133333333,2,105,0
1999,CHI,15,321,11,36,14,35,0,0,3,1,49,157,10.46666667,2.4,3.266666667,157,0
1999,CIN,15,436,-19,33,12,33,0,0,1,4,45,130,8.666666667,2.2,3,130,0
1999,CLE,16,437,-13,25,8,25,0,1,0,0,33,80,5,1.5625,2.0625,80,0
1999,DAL,15,258,36,34,23,18,1,1,2,5,41,190,12.66666667,2.266666667,2.733333333,190,0
1999,DEN,15,306,13,47,13,28,2,1,0,2,41,160,10.66666667,3.133333333,2.733333333,160,0
1999,DET,15,299,13,45,14,25,1,0,1,2,39,152,10.13333333,3,2.6,152,0
1999,GB,15,317,13,27,23,25,1,0,0,1,48,144,9.6,1.8,3.2,144,0
1999,IND,15,302,15,41,10,21,0,0,1,3,31,138,9.2,2.733333333,2.066666667,138,0
1999,JAX,15,210,44,54,17,22,2,1,0,5,39,212,14.13333333,3.6,2.6,212,0
1999,KC,15,281,21,36,23,31,0,0,1,5,54,197,13.13333333,2.4,3.6,197,0
1999,MIA,15,315,13,37,18,17,1,0,1,1,35,130,8.666666667,2.466666667,2.333333333,130,0
1999,MIN,15,318,4,39,11,20,1,0,0,4,31,131,8.733333333,2.6,2.066666667,131,0
1999,NE,15,281,22,35,14,27,0,1,0,2,41,153,10.2,2.333333333,2.733333333,153,0
1999,NO,15,389,-5,39,19,30,0,0,0,0,49,132,8.8,2.6,3.266666667,132,0
1999,NYG,15,332,11,32,17,20,1,0,2,3,37,141,9.4,2.133333333,2.466666667,141,0
1999,NYJ,15,300,14,25,22,25,1,0,0,3,47,153,10.2,1.666666667,3.133333333,153,0
1999,OAK,15,291,14,43,20,18,0,0,1,1,38,141,9.4,2.866666667,2.533333333,141,0
1999,PHI,15,326,5,32,24,25,1,0,0,4,49,161,10.73333333,2.133333333,3.266666667,161,0
1999,PIT,15,273,25,37,13,21,0,0,0,0,34,130,8.666666667,2.466666667,2.266666667,130,0
1999,SD,15,310,14,37,15,27,1,2,0,0,42,141,9.4,2.466666667,2.8,141,0
1999,SEA,15,279,14,37,28,17,0,0,1,3,45,161,10.73333333,2.466666667,3,161,0
1999,SF,15,419,-13,32,13,22,1,0,0,3,35,109,7.266666667,2.133333333,2.333333333,109,0
1999,STL,14,194,39,49,25,18,1,0,0,10,43,236,16.85714286,3.5,3.071428571,236,0
1999,TB,15,229,37,41,20,11,1,0,1,2,31,156,10.4,2.733333333,2.066666667,156,0
1999,TEN,15,288,9,52,15,28,3,2,0,2,43,169,11.26666667,3.466666667,2.866666667,169,0
1999,WAS,15,367,-2,37,22,25,0,0,0,4,47,153,10.2,2.466666667,3.133333333,153,0
2000,ARI,15,423,-10,23,8,20,0,0,0,1,28,75,5,1.533333333,1.866666667,75,0
2000,ATL,15,400,-5,27,15,19,0,1,1,5,34,124,8.266666667,1.8,2.266666667,124,0
2000,BAL,15,145,68,34,20,40,0,0,0,0,60,222,14.8,2.266666667,4,222,0
2000,BUF,14,305,13,36,14,22,0,0,1,1,36,129,9.214285714,2.571428571,2.571428571,129,0
2000,CAR,15,258,22,27,17,28,1,0,1,4,45,167,11.13333333,1.8,3,167,0
2000,CHI,15,335,4,31,10,18,0,0,3,3,28,115,7.666666667,2.066666667,1.866666667,115,0
2000,CIN,15,343,4,24,8,22,0,0,0,2,30,100,6.666666667,1.6,2,100,0
2000,CLE,16,419,-6,42,12,25,0,0,1,1,37,118,7.375,2.625,2.3125,118,0
2000,DAL,15,330,12,25,14,14,1,0,2,2,28,111,7.4,1.666666667,1.866666667,111,0
2000,DEN,15,360,-2,38,26,26,1,1,0,6,52,180,12,2.533333333,3.466666667,180,0
2000,DET,15,284,19,27,25,23,0,1,1,3,48,164,10.93333333,1.8,3.2,164,0
2000,GB,15,309,20,33,21,18,1,0,0,2,39,145,9.666666667,2.2,2.6,145,0
2000,IND,15,316,5,41,13,13,2,1,0,2,26,116,7.733333333,2.733333333,1.733333333,116,0
2000,JAX,15,299,22,37,11,29,0,1,0,0,40,141,9.4,2.466666667,2.666666667,141,0
2000,KC,14,315,1,42,14,20,0,1,0,3,34,131,9.357142857,3,2.428571429,131,0
2000,MIA,14,189,42,41,25,13,0,0,1,1,38,167,11.92857143,2.928571429,2.714285714,167,0
2000,MIN,15,340,4,31,7,23,0,0,0,0,30,95,6.333333333,2.066666667,2,95,0
2000,NE,15,311,11,27,10,26,0,0,2,1,36,120,8,1.8,2.4,120,0
2000,NO,15,279,20,63,19,26,0,0,0,3,45,191,12.73333333,4.2,3,191,0
2000,NYG,15,221,35,42,19,23,0,0,0,0,42,161,10.73333333,2.8,2.8,161,0
2000,NYJ,15,287,14,36,19,19,0,0,2,2,38,142,9.466666667,2.4,2.533333333,142,0
2000,OAK,15,290,24,41,20,21,3,3,2,4,41,187,12.46666667,2.733333333,2.733333333,187,0
2000,PHI,15,238,30,48,18,18,0,0,0,4,36,174,11.6,3.2,2.4,174,0
2000,PIT,15,234,47,33,16,28,1,0,1,1,44,178,11.86666667,2.2,2.933333333,178,0
2000,SD,14,364,-7,35,13,24,1,1,0,3,37,124,8.857142857,2.5,2.642857143,124,0
2000,SEA,15,363,-1,27,17,24,0,0,0,3,41,126,8.4,1.8,2.733333333,126,0
2000,SF,15,384,4,34,13,18,0,0,0,2,31,112,7.466666667,2.266666667,2.066666667,112,0
2000,STL,15,450,-18,49,18,17,0,0,0,2,35,113,7.533333333,3.266666667,2.333333333,113,0
2000,TB,15,252,28,54,23,18,1,3,3,5,41,208,13.86666667,3.6,2.733333333,208,0
2000,TEN,15,191,45,51,15,19,0,0,1,4,34,190,12.66666667,3.4,2.266666667,190,0
2000,WAS,15,266,23,44,14,24,1,0,1,0,38,147,9.8,2.933333333,2.533333333,147,0
2001,ARI,15,323,3,19,16,16,0,0,1,2,32,100,6.666666667,1.266666667,2.133333333,100,0
2001,ATL,15,346,0,35,15,27,0,0,1,0,42,121,8.066666667,2.333333333,2.8,121,0
2001,BAL,15,244,40,40,14,25,0,0,0,1,39,164,10.93333333,2.666666667,2.6,164,0
2001,BUF,15,380,0,31,11,20,0,0,1,4,31,119,7.933333333,2.066666667,2.066666667,119,0
2001,CAR,15,372,2,25,22,27,0,0,0,4,49,149,9.933333333,1.666666667,3.266666667,149,0
2001,CHI,15,190,55,44,17,28,1,0,1,3,45,211,14.06666667,2.933333333,3,211,0
2001,CIN,15,262,17,45,13,28,0,0,0,1,41,150,10,3,2.733333333,150,0
2001,CLE,15,279,21,41,30,23,1,0,0,4,53,194,12.93333333,2.733333333,3.533333333,194,0
2001,DAL,15,323,10,24,9,25,1,0,0,4,34,128,8.533333333,1.6,2.266666667,128,0
2001,DEN,15,310,10,38,21,25,0,0,0,2,46,152,10.13333333,2.533333333,3.066666667,152,0
2001,DET,15,414,-12,31,15,15,0,0,2,3,30,101,6.733333333,2.066666667,2,101,0
2001,GB,15,229,38,51,18,31,1,0,0,3,49,207,13.8,3.4,3.266666667,207,0
2001,IND,15,476,-26,35,11,15,0,0,1,3,26,81,5.4,2.333333333,1.733333333,81,0
2001,JAX,15,371,-3,42,12,8,2,0,1,1,20,91,6.066666667,2.8,1.333333333,91,0
2001,KC,15,303,15,30,11,24,1,1,0,1,35,125,8.333333333,2,2.333333333,125,0
2001,MIA,15,283,20,35,14,16,0,0,1,4,30,141,9.4,2.333333333,2,141,0
2001,MIN,15,371,0,28,8,27,0,0,0,1,35,104,6.933333333,1.866666667,2.333333333,104,0
2001,NE,15,266,26,38,19,23,0,0,3,4,42,178,11.86666667,2.533333333,2.8,178,0
2001,NO,15,371,0,51,15,30,1,0,0,0,45,143,9.533333333,3.4,3,143,0
2001,NYG,15,287,21,45,15,34,0,1,0,1,49,172,11.46666667,3,3.266666667,172,0
2001,NYJ,15,273,23,32,20,32,0,1,0,2,52,173,11.53333333,2.133333333,3.466666667,173,0
2001,OAK,15,303,17,38,15,16,0,0,3,4,31,147,9.8,2.533333333,2.066666667,147,0
2001,PHI,15,195,43,42,13,28,0,1,1,3,41,189,12.6,2.8,2.733333333,189,0
2001,PIT,15,187,45,51,14,27,0,0,0,2,41,190,12.66666667,3.4,2.733333333,190,0
2001,SD,16,321,18,41,19,26,0,0,1,4,45,175,10.9375,2.5625,2.8125,175,0
2001,SEA,15,306,15,35,13,24,0,1,0,2,37,138,9.2,2.333333333,2.466666667,138,0
2001,SF,15,282,31,29,20,18,0,1,1,2,38,152,10.13333333,1.933333333,2.533333333,152,0
2001,STL,15,260,26,40,20,24,0,0,0,4,44,178,11.86666667,2.666666667,2.933333333,178,0
2001,TB,15,263,26,41,26,16,0,2,0,3,42,173,11.53333333,2.733333333,2.8,173,0
2001,TEN,15,359,2,31,11,18,1,1,1,1,29,103,6.866666667,2.066666667,1.933333333,103,0
2001,WAS,15,286,16,23,22,26,1,0,0,3,48,155,10.33333333,1.533333333,3.2,155,0
2002,ARI,15,380,1,19,17,21,0,0,0,3,38,114,7.6,1.266666667,2.533333333,114,0
2002,ATL,15,290,24,44,21,19,0,0,2,2,40,164,10.93333333,2.933333333,2.666666667,164,0
2002,BAL,15,320,8,29,23,17,0,3,0,3,40,141,9.4,1.933333333,2.666666667,141,0
2002,BUF,15,388,-5,29,8,19,0,0,0,2,27,90,6,1.933333333,1.8,90,0
2002,CAR,15,296,16,48,15,21,1,0,2,3,36,160,10.66666667,3.2,2.4,160,0
2002,CHI,15,364,4,30,9,28,0,1,2,0,37,114,7.6,2,2.466666667,114,0
2002,CIN,15,429,-9,22,9,19,0,0,1,3,28,89,5.933333333,1.466666667,1.866666667,89,0
2002,CLE,15,292,14,26,16,19,0,1,4,3,35,138,9.2,1.733333333,2.333333333,138,0
2002,DAL,15,309,12,23,17,20,0,1,1,4,37,137,9.133333333,1.533333333,2.466666667,137,0
2002,DEN,15,337,6,37,8,23,1,2,1,2,31,125,8.333333333,2.466666667,2.066666667,125,0
2002,DET,15,413,-16,30,9,18,0,1,1,4,27,96,6.4,2,1.8,96,0
2002,GB,15,286,18,42,24,35,0,0,0,4,59,202,13.46666667,2.8,3.933333333,202,0
2002,HOU,15,329,10,33,10,30,3,1,0,3,40,149,9.933333333,2.2,2.666666667,149,0
2002,IND,15,282,24,33,10,28,0,0,0,1,38,139,9.266666667,2.2,2.533333333,139,0
2002,JAX,15,417,-16,36,14,9,2,1,2,0,23,76,5.066666667,2.4,1.533333333,76,0
2002,KC,15,375,-2,33,18,16,0,2,1,3,34,123,8.2,2.2,2.266666667,123,0
2002,MIA,15,274,26,46,20,17,0,0,0,1,37,152,10.13333333,3.066666667,2.466666667,152,0
2002,MIN,15,406,-10,27,13,22,1,0,2,0,35,93,6.2,1.8,2.333333333,93,0
2002,NE,15,322,8,32,18,24,0,0,3,5,42,160,10.66666667,2.133333333,2.8,160,0
2002,NO,15,378,-6,36,18,27,0,3,1,4,45,152,10.13333333,2.4,3,152,0
2002,NYG,15,272,17,36,10,25,0,1,2,1,35,135,9,2.4,2.333333333,135,0
2002,NYJ,15,295,22,29,14,17,0,1,0,4,31,139,9.266666667,1.933333333,2.066666667,139,0
2002,OAK,15,304,9,42,20,20,0,0,1,6,40,169,11.26666667,2.8,2.666666667,169,0
2002,PHI,15,213,40,55,14,32,0,0,0,4,46,211,14.06666667,3.666666667,3.066666667,211,0
2002,PIT,15,296,19,47,17,27,0,1,1,2,44,170,11.33333333,3.133333333,2.933333333,170,0
2002,SD,15,336,10,36,15,16,1,1,2,1,31,122,8.133333333,2.4,2.066666667,122,0
2002,SEA,15,341,8,25,18,21,0,0,0,3,39,129,8.6,1.666666667,2.6,129,0
2002,SF,15,320,8,29,17,12,0,0,1,2,29,109,7.266666667,1.933333333,1.933333333,109,0
2002,STL,15,349,3,35,12,22,0,0,0,1,34,112,7.466666667,2.333333333,2.266666667,112,0
2002,TB,15,196,46,42,27,16,2,0,1,5,43,210,14,2.8,2.866666667,210,0
2002,TEN,15,315,14,37,17,20,0,0,0,3,37,143,9.533333333,2.466666667,2.466666667,143,0
2002,WAS,15,339,4,35,13,21,0,1,0,2,34,121,8.066666667,2.333333333,2.266666667,121,0
2003,ARI,15,435,-16,19,12,18,0,1,0,2,30,77,5.133333333,1.266666667,2,77,0
2003,ATL,15,408,-13,35,15,25,0,0,1,4,40,128,8.533333333,2.333333333,2.666666667,128,0
2003,BAL,15,271,35,43,21,31,0,2,0,4,52,210,14,2.866666667,3.466666667,210,0
2003,BUF,15,248,31,36,10,25,3,1,0,2,35,157,10.46666667,2.4,2.333333333,157,0
2003,CAR,15,280,15,37,12,26,1,1,3,3,38,156,10.4,2.466666667,2.533333333,156,0
2003,CHI,15,315,14,18,14,20,0,0,1,4,34,126,8.4,1.2,2.266666667,126,0
2003,CIN,15,362,-3,30,14,15,0,0,1,1,29,93,6.2,2,1.933333333,93,0
2003,CLE,15,308,21,31,14,22,0,1,0,1,36,132,8.8,2.066666667,2.4,132,0
2003,DAL,15,247,36,32,13,25,2,0,0,3,38,166,11.06666667,2.133333333,2.533333333,166,0
2003,DEN,15,270,21,34,8,28,1,1,0,3,36,149,9.933333333,2.266666667,2.4,149,0
2003,DET,15,359,-3,24,14,24,0,0,2,4,38,125,8.333333333,1.6,2.533333333,125,0
2003,GB,15,304,18,35,19,18,0,1,0,2,37,141,9.4,2.333333333,2.466666667,141,0
2003,HOU,15,360,2,18,13,15,0,1,2,1,28,88,5.866666667,1.2,1.866666667,88,0
2003,IND,15,319,10,31,14,25,0,0,0,3,39,137,9.133333333,2.066666667,2.6,137,0
2003,JAX,15,310,17,22,14,21,0,0,0,0,35,109,7.266666667,1.466666667,2.333333333,109,0
2003,KC,15,329,9,32,23,18,0,0,1,7,41,167,11.13333333,2.133333333,2.733333333,167,0
2003,MIA,15,240,36,41,22,22,1,0,0,2,44,179,11.93333333,2.733333333,2.933333333,179,0
2003,MIN,15,335,9,29,27,25,1,1,0,4,52,170,11.33333333,1.933333333,3.466666667,170,0
2003,NE,15,238,45,36,27,21,1,0,2,6,48,219,14.6,2.4,3.2,219,0
2003,NO,15,319,9,29,11,22,0,1,3,2,33,124,8.266666667,1.933333333,2.2,124,0
2003,NYG,15,350,-3,40,9,26,0,0,1,2,35,121,8.066666667,2.666666667,2.333333333,121,0
2003,NYJ,15,276,21,34,10,20,0,0,0,1,30,121,8.066666667,2.266666667,2,121,0
2003,OAK,15,358,3,22,14,19,1,2,0,3,33,115,7.666666667,1.466666667,2.2,115,0
2003,PHI,15,280,19,34,12,21,1,1,1,3,33,143,9.533333333,2.266666667,2.2,143,0
2003,PIT,15,314,17,33,13,22,0,0,0,4,35,144,9.6,2.2,2.333333333,144,0
2003,SD,15,427,-16,26,12,14,0,0,0,1,26,68,4.533333333,1.733333333,1.733333333,68,0
2003,SEA,15,310,16,39,15,20,1,1,0,1,35,135,9,2.6,2.333333333,135,0
2003,SF,15,313,7,41,21,22,1,1,0,2,43,150,10,2.733333333,2.866666667,150,0
2003,STL,15,298,18,41,23,33,1,1,1,4,56,201,13.4,2.733333333,3.733333333,201,0
2003,TB,15,231,44,36,19,26,1,1,2,3,45,196,13.06666667,2.4,3,196,0
2003,TEN,15,311,15,36,18,22,2,0,0,4,40,159,10.6,2.4,2.666666667,159,0
2003,WAS,15,341,4,27,17,20,1,0,0,1,37,113,7.533333333,1.8,2.466666667,113,0
2004,ARI,15,315,12,33,13,31,1,1,1,1,44,145,9.666666667,2.2,2.933333333,145,0
2004,ATL,15,309,15,44,18,23,0,0,1,4,41,167,11.13333333,2.933333333,2.733333333,167,0
2004,BAL,15,245,30,36,18,24,0,0,0,6,42,186,12.4,2.4,2.8,186,0
2004,BUF,15,255,26,44,22,26,1,1,0,8,48,218,14.53333333,2.933333333,3.2,218,0
2004,CAR,15,318,9,31,26,23,0,1,1,2,49,154,10.26666667,2.066666667,3.266666667,154,0
2004,CHI,15,300,10,32,17,23,2,0,1,6,40,164,10.93333333,2.133333333,2.666666667,164,0
2004,CIN,15,362,6,34,17,19,0,0,0,3,36,130,8.666666667,2.266666667,2.4,130,0
2004,CLE,15,376,5,26,15,21,0,0,1,2,36,117,7.8,1.733333333,2.4,117,0
2004,DAL,15,377,-2,32,12,20,0,0,0,0,32,94,6.266666667,2.133333333,2.133333333,94,0
2004,DEN,15,290,22,37,12,16,0,0,0,2,28,127,8.466666667,2.466666667,1.866666667,127,0
2004,DET,15,326,9,38,14,15,1,0,1,5,29,139,9.266666667,2.533333333,1.933333333,139,0
2004,GB,15,366,-1,31,7,18,0,0,1,1,25,88,5.866666667,2.066666667,1.666666667,88,0
2004,HOU,15,317,21,23,20,18,0,1,0,2,38,134,8.933333333,1.533333333,2.533333333,134,0
2004,IND,15,318,10,44,19,25,0,0,1,3,44,162,10.8,2.933333333,2.933333333,162,0
2004,JAX,15,274,24,35,13,19,2,0,1,0,32,129,8.6,2.333333333,2.133333333,129,0
2004,KC,15,411,-8,40,12,15,0,0,0,3,27,104,6.933333333,2.666666667,1.8,104,0
2004,MIA,15,324,4,36,15,31,0,0,0,0,46,132,8.8,2.4,3.066666667,132,0
2004,MIN,15,374,3,36,10,20,0,0,0,2,30,111,7.4,2.4,2,111,0
2004,NE,15,253,29,45,20,23,0,0,0,2,43,172,11.46666667,3,2.866666667,172,0
2004,NO,15,387,-2,31,13,28,1,1,0,2,41,127,8.466666667,2.066666667,2.733333333,127,0
2004,NYG,15,323,10,37,13,29,0,0,0,2,42,143,9.533333333,2.466666667,2.8,143,0
2004,NYJ,15,229,27,33,17,26,0,0,0,1,43,152,10.13333333,2.2,2.866666667,152,0
2004,OAK,15,429,-17,25,8,15,1,1,2,2,23,74,4.933333333,1.666666667,1.533333333,74,0
2004,PHI,15,222,37,47,17,15,0,1,0,2,32,162,10.8,3.133333333,2.133333333,162,0
2004,PIT,15,227,34,39,18,19,1,0,0,3,37,167,11.13333333,2.6,2.466666667,167,0
2004,SD,15,296,19,29,19,22,0,0,0,2,41,142,9.466666667,1.933333333,2.733333333,142,0
2004,SEA,15,347,9,33,22,20,0,0,0,3,42,144,9.6,2.2,2.8,144,0
2004,SF,15,431,-19,28,8,25,1,1,0,1,33,85,5.666666667,1.866666667,2.2,85,0
2004,STL,15,363,4,30,6,17,0,0,0,0,23,80,5.333333333,2,1.533333333,80,0
2004,TB,15,292,20,44,15,22,0,0,1,2,37,152,10.13333333,2.933333333,2.466666667,152,0
2004,TEN,15,420,-18,30,17,30,0,0,1,1,47,114,7.6,2,3.133333333,114,0
2004,WAS,15,247,24,35,18,18,0,2,0,1,36,141,9.4,2.333333333,2.4,141,0
2005,ARI,15,370,-2,35,14,20,0,0,0,3,34,119,7.933333333,2.333333333,2.266666667,119,0
2005,ATL,15,297,16,36,16,19,1,0,1,0,35,126,8.4,2.4,2.333333333,126,0
2005,BAL,15,279,25,38,10,25,0,0,0,1,35,139,9.266666667,2.533333333,2.333333333,139,0
2005,BUF,15,337,3,34,17,22,1,0,0,2,39,129,8.6,2.266666667,2.6,129,0
2005,CAR,15,248,31,39,22,27,0,0,2,2,49,184,12.26666667,2.6,3.266666667,184,0
2005,CHI,15,168,57,40,24,27,0,0,0,5,51,229,15.26666667,2.666666667,3.4,229,0
2005,CIN,15,313,12,27,31,21,0,0,0,1,52,149,9.933333333,1.8,3.466666667,149,0
2005,CLE,15,285,23,23,13,19,0,0,2,1,32,120,8,1.533333333,2.133333333,120,0
2005,DAL,15,288,16,35,15,28,0,0,0,2,43,149,9.933333333,2.333333333,2.866666667,149,0
2005,DEN,15,251,30,23,19,22,0,0,1,3,41,155,10.33333333,1.533333333,2.733333333,155,0
2005,DET,15,310,10,30,17,20,1,0,2,2,37,132,8.8,2,2.466666667,132,0
2005,GB,15,327,7,32,9,25,0,0,0,3,34,125,8.333333333,2.133333333,2.266666667,125,0
2005,HOU,15,411,-12,34,6,26,0,0,0,2,32,98,6.533333333,2.266666667,2.133333333,98,0
2005,IND,15,234,35,42,17,16,0,0,0,2,33,155,10.33333333,2.8,2.2,155,0
2005,JAX,15,256,19,45,19,19,0,1,1,3,38,162,10.8,3,2.533333333,162,0
2005,KC,15,322,5,27,14,24,0,0,2,2,38,124,8.266666667,1.8,2.533333333,124,0
2005,MIA,15,291,16,48,13,33,2,0,0,0,46,160,10.66666667,3.2,3.066666667,160,0
2005,MIN,15,334,1,30,24,19,0,0,0,5,43,147,9.8,2,2.866666667,147,0
2005,NE,15,310,14,30,11,15,0,0,0,2,26,108,7.2,2,1.733333333,108,0
2005,NO,15,371,0,25,10,12,0,0,1,0,22,71,4.733333333,1.666666667,1.466666667,71,0
2005,NYG,15,293,20,38,17,26,0,1,2,3,43,168,11.2,2.533333333,2.866666667,168,0
2005,NYJ,15,329,14,29,17,23,0,0,0,1,40,129,8.6,1.933333333,2.666666667,129,0
2005,OAK,15,353,9,34,5,26,0,1,1,0,31,109,7.266666667,2.266666667,2.066666667,109,0
2005,PHI,15,357,1,28,16,25,0,0,1,1,41,119,7.933333333,1.866666667,2.733333333,119,0
2005,PIT,15,237,34,46,15,26,1,0,1,1,41,172,11.46666667,3.066666667,2.733333333,172,0
2005,SD,15,289,11,44,10,18,0,0,0,2,28,123,8.2,2.933333333,1.866666667,123,0
2005,SEA,15,248,33,46,15,17,0,0,2,2,32,159,10.6,3.066666667,2.133333333,159,0
2005,SF,15,411,-7,28,14,26,0,1,0,3,40,121,8.066666667,1.866666667,2.666666667,121,0
2005,STL,15,419,-12,36,11,22,1,1,1,3,33,114,7.6,2.4,2.2,114,0
2005,TB,15,261,31,31,15,16,1,0,1,0,31,128,8.533333333,2.066666667,2.066666667,128,0
2005,TEN,15,381,-3,38,9,22,1,1,2,3,31,123,8.2,2.533333333,2.066666667,123,0
2005,WAS,15,273,18,31,14,18,0,1,1,3,32,135,9,2.066666667,2.133333333,135,0
2006,ARI,15,362,-2,35,15,32,0,0,1,2,47,141,9.4,2.333333333,3.133333333,141,0
2006,ATL,15,304,21,37,12,23,0,0,0,1,35,134,8.933333333,2.466666667,2.333333333,134,0
2006,BAL,15,194,53,57,26,21,2,0,1,4,47,234,15.6,3.8,3.133333333,234,0
2006,BUF,15,292,23,37,12,23,0,1,0,3,35,150,10,2.466666667,2.333333333,150,0
2006,CAR,15,284,20,36,13,15,1,0,2,1,28,124,8.266666667,2.4,1.866666667,124,0
2006,CHI,15,229,43,36,22,29,1,0,1,6,51,221,14.73333333,2.4,3.4,221,0
2006,CIN,15,308,15,34,18,24,0,0,1,1,42,141,9.4,2.266666667,2.8,141,0
2006,CLE,15,342,6,29,17,14,0,0,1,2,31,111,7.4,1.933333333,2.066666667,111,0
2006,DAL,15,311,9,29,17,22,0,0,0,3,39,134,8.933333333,1.933333333,2.6,134,0
2006,DEN,15,279,23,32,16,26,0,0,1,1,42,147,9.8,2.133333333,2.8,147,0
2006,DET,15,367,-1,25,11,23,1,1,2,1,34,106,7.066666667,1.666666667,2.266666667,106,0
2006,GB,15,359,-1,44,18,14,0,0,0,2,32,119,7.933333333,2.933333333,2.133333333,119,0
2006,HOU,15,360,0,27,10,20,0,0,0,1,30,93,6.2,1.8,2,93,0
2006,IND,15,338,1,23,14,11,0,0,0,1,25,80,5.333333333,1.533333333,1.666666667,80,0
2006,JAX,15,239,41,32,18,10,0,2,0,2,28,145,9.666666667,2.133333333,1.866666667,145,0
2006,KC,15,285,25,29,14,24,0,1,0,1,38,138,9.2,1.933333333,2.533333333,138,0
2006,MIA,15,256,30,47,8,28,0,0,0,2,36,161,10.73333333,3.133333333,2.4,161,0
2006,MIN,15,286,18,29,21,28,0,0,1,4,49,171,11.4,1.933333333,3.266666667,171,0
2006,NE,15,214,41,38,20,22,1,0,2,1,42,175,11.66666667,2.533333333,2.8,175,0
2006,NO,15,291,14,38,11,17,0,1,1,1,28,118,7.866666667,2.533333333,1.866666667,118,0
2006,NYG,15,334,10,31,16,21,1,0,0,2,37,129,8.6,2.066666667,2.466666667,129,0
2006,NYJ,15,292,17,33,15,19,0,0,1,2,34,132,8.8,2.2,2.266666667,132,0
2006,OAK,15,309,13,33,18,14,1,0,0,2,32,124,8.266666667,2.2,2.133333333,124,0
2006,PHI,15,311,17,35,18,22,0,0,0,4,40,156,10.4,2.333333333,2.666666667,156,0
2006,PIT,15,298,19,39,20,22,0,1,0,3,42,162,10.8,2.6,2.8,162,0
2006,SD,15,283,20,59,16,22,0,0,0,0,38,155,10.33333333,3.933333333,2.533333333,155,0
2006,SEA,15,334,10,41,12,20,0,0,2,2,32,131,8.733333333,2.733333333,2.133333333,131,0
2006,SF,15,389,-3,31,12,16,1,1,0,0,28,88,5.866666667,2.066666667,1.866666667,88,0
2006,STL,15,360,4,30,15,23,0,0,0,0,38,110,7.333333333,2,2.533333333,110,0
2006,TB,15,330,6,25,11,19,0,0,2,3,30,113,7.533333333,1.666666667,2,113,0
2006,TEN,15,360,-2,24,17,29,2,1,0,4,46,144,9.6,1.6,3.066666667,144,0
2006,WAS,15,342,0,19,6,14,1,2,1,2,20,79,5.266666667,1.266666667,1.333333333,79,0
2007,ARI,15,380,-8,33,15,25,0,0,0,5,40,135,9,2.2,2.666666667,135,0
2007,ATL,15,373,0,21,15,16,0,0,0,0,31,83,5.533333333,1.4,2.066666667,83,0
2007,BAL,15,363,5,33,15,11,0,0,0,4,26,114,7.6,2.2,1.733333333,114,0
2007,BUF,15,337,3,21,17,22,2,0,0,4,39,130,8.666666667,1.4,2.6,130,0
2007,CAR,15,324,9,19,13,27,0,0,2,2,40,124,8.266666667,1.266666667,2.666666667,124,0
2007,CHI,15,323,10,39,14,28,0,3,4,6,42,183,12.2,2.6,2.8,183,0
2007,CIN,15,360,4,21,19,22,1,1,0,2,41,123,8.2,1.4,2.733333333,123,0
2007,CLE,15,375,5,23,17,18,1,0,0,3,35,118,7.866666667,1.533333333,2.333333333,118,0
2007,DAL,15,298,16,43,19,22,0,0,1,2,41,155,10.33333333,2.866666667,2.733333333,155,0
2007,DEN,15,390,-10,30,14,26,0,1,0,2,40,114,7.6,2,2.666666667,114,0
2007,DET,15,410,-10,36,17,31,1,2,2,4,48,156,10.4,2.4,3.2,156,0
2007,GB,15,278,22,35,17,21,0,0,0,3,38,151,10.06666667,2.333333333,2.533333333,151,0
2007,HOU,15,356,-1,29,11,20,0,0,1,2,31,104,6.933333333,1.933333333,2.066666667,104,0
2007,IND,15,246,23,27,22,22,2,1,0,2,44,156,10.4,1.8,2.933333333,156,0
2007,JAX,15,262,25,36,19,12,0,0,0,3,31,141,9.4,2.4,2.066666667,141,0
2007,KC,15,322,9,34,14,15,1,1,0,0,29,105,7,2.266666667,1.933333333,105,0
2007,MIA,15,399,-9,30,13,18,0,0,1,2,31,97,6.466666667,2,2.066666667,97,0
2007,MIN,15,289,22,34,17,23,1,0,0,7,40,180,12,2.266666667,2.666666667,180,0
2007,NE,15,239,29,46,18,18,0,1,0,5,36,179,11.93333333,3.066666667,2.4,179,0
2007,NO,15,355,1,30,12,20,1,0,1,3,32,117,7.8,2,2.133333333,117,0
2007,NYG,15,313,13,51,15,21,0,0,1,3,36,156,10.4,3.4,2.4,156,0
2007,NYJ,15,345,1,26,15,21,0,1,0,3,36,119,7.933333333,1.733333333,2.4,119,0
2007,OAK,15,368,-4,26,18,29,1,0,2,3,47,140,9.333333333,1.733333333,3.133333333,140,0
2007,PHI,15,291,13,36,11,17,0,0,0,1,28,111,7.4,2.4,1.866666667,111,0
2007,PIT,15,242,40,34,11,24,0,0,0,3,35,162,10.8,2.266666667,2.333333333,162,0
2007,SD,15,267,23,38,29,22,0,0,0,4,51,187,12.46666667,2.533333333,3.4,187,0
2007,SEA,15,247,40,43,20,22,1,0,0,4,42,193,12.86666667,2.866666667,2.8,193,0
2007,SF,15,344,6,30,11,27,1,1,0,0,38,116,7.733333333,2,2.533333333,116,0
2007,STL,15,390,-6,30,16,22,1,0,1,2,38,116,7.733333333,2,2.533333333,116,0
2007,TB,15,239,33,31,16,23,0,0,0,2,39,154,10.26666667,2.066666667,2.6,154,0
2007,TEN,15,287,19,37,22,25,0,0,0,2,47,162,10.8,2.466666667,3.133333333,162,0
2007,WAS,15,304,15,30,13,23,2,0,1,2,36,135,9,2,2.4,135,0
2008,ARI,15,405,-6,30,11,27,0,1,1,3,38,122,8.133333333,2,2.533333333,122,0
2008,ATL,15,298,15,31,10,14,1,1,1,3,24,118,7.866666667,2.066666667,1.6,118,0
2008,BAL,15,237,41,34,24,20,2,1,0,5,44,199,13.26666667,2.266666667,2.933333333,199,0
2008,BUF,15,329,5,23,10,29,0,0,1,5,39,138,9.2,1.533333333,2.6,138,0
2008,CAR,15,298,24,35,11,16,0,0,0,0,27,113,7.533333333,2.333333333,1.8,113,0
2008,CHI,15,319,11,28,22,13,1,2,1,2,35,129,8.6,1.866666667,2.333333333,129,0
2008,CIN,15,358,5,16,12,23,0,0,0,2,35,103,6.866666667,1.066666667,2.333333333,103,0
2008,CLE,15,319,8,18,22,17,0,0,2,3,39,126,8.4,1.2,2.6,126,0
2008,DAL,15,321,10,58,8,26,1,1,0,2,34,152,10.13333333,3.866666667,2.266666667,152,0
2008,DEN,15,396,-7,23,6,10,0,0,0,0,16,48,3.2,1.533333333,1.066666667,48,0
2008,DET,15,486,-24,27,4,32,1,0,1,0,36,79,5.266666667,1.8,2.4,79,0
2008,GB,15,359,-2,26,20,20,0,0,1,8,40,154,10.26666667,1.733333333,2.666666667,154,0
2008,HOU,15,370,5,23,12,24,0,0,0,3,36,118,7.866666667,1.533333333,2.4,118,0
2008,IND,15,298,20,28,15,14,0,0,0,2,29,118,7.866666667,1.866666667,1.933333333,118,0
2008,JAX,15,340,1,26,13,13,1,0,1,2,26,95,6.333333333,1.733333333,1.733333333,95,0
2008,KC,15,424,-13,9,13,28,0,0,0,2,41,90,6,0.6,2.733333333,90,0
2008,MIA,15,300,18,41,15,16,1,0,0,1,31,129,8.6,2.733333333,2.066666667,129,0
2008,MIN,15,314,9,43,12,25,3,0,3,2,37,150,10,2.866666667,2.466666667,150,0
2008,NE,15,309,13,28,14,13,0,0,0,1,27,101,6.733333333,1.866666667,1.8,101,0
2008,NO,15,360,5,27,15,15,1,0,0,3,30,112,7.466666667,1.8,2,112,0
2008,NYG,15,274,19,41,16,18,3,0,3,2,34,152,10.13333333,2.733333333,2.266666667,152,0
2008,NYJ,15,332,8,39,14,26,0,0,1,4,40,153,10.2,2.6,2.666666667,153,0
2008,OAK,15,364,2,30,15,22,2,1,1,5,37,144,9.6,2,2.466666667,144,0
2008,PHI,15,283,20,44,14,11,1,0,1,4,25,142,9.466666667,2.933333333,1.666666667,142,0
2008,PIT,15,223,39,48,18,21,1,1,0,1,39,175,11.66666667,3.2,2.6,175,0
2008,SD,15,326,4,27,13,16,1,0,0,3,29,109,7.266666667,1.8,1.933333333,109,0
2008,SEA,15,358,8,34,8,13,0,0,1,2,21,98,6.533333333,2.266666667,1.4,98,0
2008,SF,15,357,1,29,12,19,0,1,2,2,31,110,7.333333333,1.933333333,2.066666667,110,0
2008,STL,15,434,-20,29,10,18,0,0,0,0,28,65,4.333333333,1.933333333,1.866666667,65,0
2008,TB,15,292,20,28,21,15,0,2,0,5,36,154,10.26666667,1.866666667,2.4,154,0
2008,TEN,15,211,36,43,20,18,0,1,1,3,38,177,11.8,2.866666667,2.533333333,177,0
2008,WAS,15,269,17,23,12,10,0,0,0,1,22,90,6,1.533333333,1.466666667,90,0
2009,ARI,15,292,16,42,20,18,0,0,3,2,38,152,10.13333333,2.8,2.533333333,152,0
2009,ATL,15,315,11,27,13,21,0,1,2,1,34,118,7.866666667,1.8,2.266666667,118,0
2009,BAL,15,248,35,29,21,18,0,0,1,3,39,162,10.8,1.933333333,2.6,162,0
2009,BUF,15,319,11,33,26,14,0,0,1,2,40,138,9.2,2.2,2.666666667,138,0
2009,CAR,15,298,11,31,21,22,2,0,1,1,43,140,9.333333333,2.066666667,2.866666667,140,0
2009,CHI,15,352,2,32,12,31,1,0,0,3,43,140,9.333333333,2.133333333,2.866666667,140,0
2009,CIN,15,254,27,34,19,16,0,0,1,3,35,151,10.06666667,2.266666667,2.333333333,151,0
2009,CLE,15,358,10,37,9,15,1,0,1,4,24,123,8.2,2.466666667,1.6,123,0
2009,DAL,15,250,28,38,11,16,0,0,2,3,27,142,9.466666667,2.533333333,1.8,142,0
2009,DEN,15,280,29,39,15,18,0,0,0,2,33,146,9.733333333,2.6,2.2,146,0
2009,DET,15,457,-20,24,9,26,1,0,2,2,35,92,6.133333333,1.6,2.333333333,92,0
2009,GB,15,290,19,37,27,23,0,0,1,2,50,170,11.33333333,2.466666667,3.333333333,170,0
2009,HOU,15,306,13,26,13,18,2,0,0,2,31,117,7.8,1.733333333,2.066666667,117,0
2009,IND,15,277,22,34,16,13,0,0,0,3,29,132,8.8,2.266666667,1.933333333,132,0
2009,JAX,15,357,-10,14,14,21,0,0,0,0,35,74,4.933333333,0.933333333,2.333333333,74,0
2009,KC,15,400,-4,21,12,31,1,1,0,1,43,113,7.533333333,1.4,2.866666667,113,0
2009,MIA,15,360,3,40,14,17,0,0,0,3,31,123,8.2,2.666666667,2.066666667,123,0
2009,MIN,15,305,18,44,10,14,1,0,0,2,24,124,8.266666667,2.933333333,1.6,124,0
2009,NE,15,251,25,30,17,17,0,0,0,2,34,135,9,2,2.266666667,135,0
2009,NO,15,318,11,34,26,19,0,0,0,6,45,171,11.4,2.266666667,3,171,0
2009,NYG,15,383,1,33,13,21,0,0,0,3,34,120,8,2.2,2.266666667,120,0
2009,NYJ,15,236,40,29,16,23,0,1,0,2,39,161,10.73333333,1.933333333,2.6,161,0
2009,OAK,15,358,0,33,8,22,0,0,0,0,30,93,6.2,2.2,2,93,0
2009,PHI,15,313,10,42,24,21,2,0,1,4,45,172,11.46666667,2.8,3,172,0
2009,PIT,15,300,10,43,9,15,0,0,1,3,24,121,8.066666667,2.866666667,1.6,121,0
2009,SD,15,300,13,33,14,16,1,1,0,2,30,122,8.133333333,2.2,2,122,0
2009,SEA,15,373,6,28,12,26,0,0,1,2,38,124,8.266666667,1.866666667,2.533333333,124,0
2009,SF,15,275,34,36,18,23,0,0,1,1,41,160,10.66666667,2.4,2.733333333,160,0
2009,STL,15,408,-14,22,8,21,1,0,0,2,29,80,5.333333333,1.466666667,1.933333333,80,0
2009,TB,15,380,-6,27,17,26,0,2,1,4,43,137,9.133333333,1.8,2.866666667,137,0
2009,TEN,15,389,0,29,19,18,0,0,0,4,37,127,8.466666667,1.933333333,2.466666667,127,0
2009,WAS,15,313,13,39,10,16,0,0,0,1,26,110,7.333333333,2.6,1.733333333,110,0
2010,ARI,15,396,-9,31,17,28,0,0,3,5,45,148,9.866666667,2.066666667,3,148,0
2010,ATL,15,278,15,28,21,10,0,0,0,3,31,123,8.2,1.866666667,2.066666667,123,0
2010,BAL,15,263,26,27,17,14,0,0,0,4,31,139,9.266666667,1.8,2.066666667,139,0
2010,BUF,15,387,-6,26,10,19,0,0,0,2,29,90,6,1.733333333,1.933333333,90,0
2010,CAR,15,377,-4,30,17,23,1,1,0,1,40,116,7.733333333,2,2.666666667,116,0
2010,CHI,15,276,21,32,20,21,0,0,1,4,41,161,10.73333333,2.133333333,2.733333333,161,0
2010,CIN,15,382,-5,23,15,15,0,0,0,1,30,84,5.6,1.533333333,2,84,0
2010,CLE,15,291,11,27,19,25,0,0,3,2,44,144,9.6,1.8,2.933333333,144,0
2010,DAL,15,423,-12,30,17,24,0,0,1,7,41,144,9.6,2,2.733333333,144,0
2010,DEN,15,438,-18,18,9,20,0,0,0,0,29,58,3.866666667,1.2,1.933333333,58,0
2010,DET,15,356,1,42,13,26,0,0,0,3,39,139,9.266666667,2.8,2.6,139,0
2010,GB,15,237,31,40,22,16,0,0,0,3,38,165,11,2.666666667,2.533333333,165,0
2010,HOU,15,410,1,28,12,14,0,0,1,0,26,83,5.533333333,1.866666667,1.733333333,83,0
2010,IND,15,368,-1,29,10,15,0,1,0,3,25,98,6.533333333,1.933333333,1.666666667,98,0
2010,JAX,15,385,-4,26,13,14,0,1,0,1,27,84,5.6,1.733333333,1.8,84,0
2010,KC,15,295,16,35,14,16,0,0,0,4,30,135,9,2.333333333,2,135,0
2010,MIA,15,295,18,39,11,20,1,0,1,0,31,123,8.2,2.6,2.066666667,123,0
2010,MIN,15,328,4,30,14,18,0,0,0,2,32,110,7.333333333,2,2.133333333,110,0
2010,NE,15,306,15,31,24,16,0,1,1,6,40,166,11.06666667,2.066666667,2.666666667,166,0
2010,NO,15,284,24,30,9,25,1,0,0,2,34,136,9.066666667,2,2.266666667,136,0
2010,NYG,15,333,8,44,15,28,0,0,1,0,43,140,9.333333333,2.933333333,2.866666667,140,0
2010,NYJ,15,297,11,37,8,29,2,1,0,4,37,152,10.13333333,2.466666667,2.466666667,152,0
2010,OAK,15,361,-1,40,10,32,2,2,0,4,42,155,10.33333333,2.666666667,2.8,155,0
2010,PHI,15,363,2,36,23,26,0,0,0,2,49,148,9.866666667,2.4,3.266666667,148,0
2010,PIT,15,223,36,43,17,25,0,1,0,4,42,189,12.6,2.866666667,2.8,189,0
2010,SD,15,294,18,44,14,12,1,0,0,3,26,134,8.933333333,2.933333333,1.733333333,134,0
2010,SEA,15,401,-8,34,11,16,1,1,2,5,27,118,7.866666667,2.266666667,1.8,118,0
2010,SF,15,339,9,30,13,18,0,1,0,3,31,121,8.066666667,2,2.066666667,121,0
2010,STL,15,312,16,43,14,17,1,1,1,0,31,127,8.466666667,2.866666667,2.066666667,127,0
2010,TB,15,305,10,23,18,18,0,0,0,4,36,129,8.6,1.533333333,2.4,129,0
2010,TEN,15,316,13,39,17,14,1,1,1,3,31,138,9.2,2.6,2.066666667,138,0
2010,WAS,15,360,4,29,13,26,0,0,2,2,39,127,8.466666667,1.933333333,2.6,127,0
2011,ARI,15,328,10,38,9,23,0,0,4,4,32,144,9.6,2.533333333,2.133333333,144,0
2011,ATL,15,326,4,31,16,11,0,0,0,1,27,95,6.333333333,2.066666667,1.8,95,0
2011,BAL,15,250,29,47,15,22,0,0,0,2,37,162,10.8,3.133333333,2.466666667,162,0
2011,BUF,15,385,-4,25,19,20,1,0,2,5,39,135,9,1.666666667,2.6,135,0
2011,CAR,15,384,-3,31,13,15,2,0,0,1,28,94,6.266666667,2.066666667,1.866666667,94,0
2011,CHI,15,328,10,32,17,22,1,0,2,6,39,162,10.8,2.133333333,2.6,162,0
2011,CIN,15,299,11,44,10,18,1,0,1,2,28,127,8.466666667,2.933333333,1.866666667,127,0
2011,CLE,15,294,15,30,9,23,0,0,0,1,32,115,7.666666667,2,2.133333333,115,0
2011,DAL,15,316,8,40,15,22,0,0,2,1,37,132,8.8,2.666666667,2.466666667,132,0
2011,DEN,15,383,-1,40,9,19,0,0,0,5,28,125,8.333333333,2.666666667,1.866666667,125,0
2011,DET,15,348,5,38,20,23,0,0,1,5,43,161,10.73333333,2.533333333,2.866666667,161,0
2011,GB,15,318,6,27,29,12,0,0,0,6,41,151,10.06666667,1.8,2.733333333,151,0
2011,HOU,15,255,27,41,17,18,0,0,2,2,35,154,10.26666667,2.733333333,2.333333333,154,0
2011,IND,15,411,-3,26,8,16,0,0,1,2,24,85,5.666666667,1.733333333,1.6,85,0
2011,JAX,15,316,6,28,15,27,0,1,0,0,42,120,8,1.866666667,2.8,120,0
2011,KC,15,335,10,27,19,12,0,0,0,2,31,111,7.4,1.8,2.066666667,111,0
2011,MIA,15,296,13,39,13,17,0,2,0,1,30,122,8.133333333,2.6,2,122,0
2011,MIN,15,432,-14,43,7,20,1,0,1,1,27,93,6.2,2.866666667,1.8,93,0
2011,NE,15,321,8,38,19,16,0,0,0,2,35,128,8.533333333,2.533333333,2.333333333,128,0
2011,NO,15,328,9,32,8,6,0,0,1,2,14,83,5.533333333,2.133333333,0.933333333,83,0
2011,NYG,15,386,-10,42,19,18,2,0,1,0,37,112,7.466666667,2.8,2.466666667,112,0
2011,NYJ,15,344,11,34,17,19,3,1,0,3,36,143,9.533333333,2.266666667,2.4,143,0
2011,OAK,15,395,-11,39,17,17,1,0,3,1,34,110,7.333333333,2.6,2.266666667,110,0
2011,PHI,15,318,12,49,14,18,1,0,1,1,32,135,9,3.266666667,2.133333333,135,0
2011,PIT,15,218,39,33,10,7,2,0,1,1,17,118,7.866666667,2.2,1.133333333,118,0
2011,SD,15,351,-3,32,16,14,0,0,0,1,30,95,6.333333333,2.133333333,2,95,0
2011,SEA,15,292,19,31,21,19,1,2,3,4,40,166,11.06666667,2.066666667,2.666666667,166,0
2011,SF,15,202,43,39,21,21,1,0,0,3,42,186,12.4,2.6,2.8,186,0
2011,STL,15,373,-3,36,12,17,2,1,0,2,29,109,7.266666667,2.4,1.933333333,109,0
2011,TB,15,449,-22,23,13,19,1,0,0,3,32,85,5.666666667,1.533333333,2.133333333,85,0
2011,TEN,15,295,16,25,11,19,0,2,0,3,30,123,8.2,1.666666667,2,123,0
2011,WAS,15,333,6,39,12,19,0,0,1,1,31,115,7.666666667,2.6,2.066666667,115,0
2012,ARI,15,330,9,37,22,20,0,1,2,3,42,154,10.26666667,2.466666667,2.8,154,0
2012,ATL,15,277,24,29,19,14,0,0,0,1,33,125,8.333333333,1.933333333,2.2,125,0
2012,BAL,15,321,14,35,13,20,0,0,0,5,33,145,9.666666667,2.333333333,2.2,145,0
2012,BUF,15,426,-22,35,11,14,1,0,3,3,25,89,5.933333333,2.333333333,1.666666667,89,0
2012,CAR,15,325,8,37,10,22,1,0,0,3,32,129,8.6,2.466666667,2.133333333,129,0
2012,CHI,15,253,29,40,23,27,0,1,1,8,50,221,14.73333333,2.666666667,3.333333333,221,0
2012,CIN,15,303,25,47,13,23,0,1,0,2,36,158,10.53333333,3.133333333,2.4,158,0
2012,CLE,15,344,5,36,17,25,0,0,0,3,42,143,9.533333333,2.4,2.8,143,0
2012,DAL,15,372,-3,33,7,19,0,0,0,2,26,94,6.266666667,2.2,1.733333333,94,0
2012,DEN,15,286,20,48,16,14,2,1,0,7,30,176,11.73333333,3.2,2,176,0
2012,DET,15,411,-10,32,11,11,1,0,1,0,22,70,4.666666667,2.133333333,1.466666667,70,0
2012,GB,15,299,10,46,18,13,0,1,0,2,31,132,8.8,3.066666667,2.066666667,132,0
2012,HOU,15,303,17,43,15,21,1,2,0,3,36,156,10.4,2.866666667,2.4,156,0
2012,IND,15,371,5,28,10,13,0,0,0,5,23,109,7.266666667,1.866666667,1.533333333,109,0
2012,JAX,15,406,-8,18,12,19,0,0,0,0,31,72,4.8,1.2,2.066666667,72,0
2012,KC,15,387,-12,27,7,13,1,1,0,0,20,59,3.933333333,1.8,1.333333333,59,0
2012,MIA,15,289,19,41,10,15,0,1,2,2,25,128,8.533333333,2.733333333,1.666666667,128,0
2012,MIN,15,314,11,39,10,19,0,0,2,5,29,142,9.466666667,2.6,1.933333333,142,0
2012,NE,15,331,4,30,19,24,1,0,0,4,43,146,9.733333333,2,2.866666667,146,0
2012,NO,15,410,-3,29,14,17,0,1,1,3,31,110,7.333333333,1.933333333,2.066666667,110,0
2012,NYG,15,337,12,32,20,21,0,0,0,2,41,138,9.2,2.133333333,2.733333333,138,0
2012,NYJ,15,347,10,30,11,21,0,0,1,5,32,136,9.066666667,2,2.133333333,136,0
2012,OAK,15,419,-11,23,11,18,0,0,2,0,29,74,4.933333333,1.533333333,1.933333333,74,0
2012,PHI,15,402,-10,29,8,17,0,1,0,1,25,77,5.133333333,1.933333333,1.666666667,77,0
2012,PIT,15,304,19,33,9,20,0,0,0,1,29,116,7.733333333,2.2,1.933333333,116,0
2012,SD,15,329,7,38,13,25,1,1,0,6,38,161,10.73333333,2.533333333,2.533333333,161,0
2012,SEA,15,232,35,36,17,18,0,1,1,3,35,163,10.86666667,2.4,2.333333333,163,0
2012,SF,15,260,35,36,13,25,1,1,1,2,38,165,11,2.4,2.533333333,165,0
2012,STL,15,328,15,46,17,16,1,1,1,4,33,157,10.46666667,3.066666667,2.2,157,0
2012,TB,15,377,-5,25,18,17,0,2,0,3,35,112,7.466666667,1.666666667,2.333333333,112,0
2012,TEN,15,451,-14,32,16,11,0,1,1,4,27,100,6.666666667,2.133333333,1.8,100,0
2012,WAS,15,370,0,30,18,25,0,0,1,3,43,136,9.066666667,2,2.866666667,136,0
2013,ARI,15,301,24,45,20,20,2,0,2,4,40,181,12.06666667,3,2.666666667,181,0
2013,ATL,15,422,-9,31,9,13,0,0,0,2,22,78,5.2,2.066666667,1.466666667,78,0
2013,BAL,15,318,11,40,12,16,0,0,0,3,28,125,8.333333333,2.666666667,1.866666667,125,0
2013,BUF,15,354,2,56,22,23,0,0,0,2,45,160,10.66666667,3.733333333,3,160,0
2013,CAR,15,221,42,51,19,15,0,1,0,3,34,181,12.06666667,3.4,2.266666667,181,0
2013,CHI,15,445,-20,28,17,19,0,0,0,6,36,116,7.733333333,1.866666667,2.4,116,0
2013,CIN,15,288,18,41,17,19,0,1,2,3,36,155,10.33333333,2.733333333,2.4,155,0
2013,CLE,15,386,-3,39,12,13,0,0,0,4,25,110,7.333333333,2.6,1.666666667,110,0
2013,DAL,15,408,-8,29,15,20,0,0,1,4,35,117,7.8,1.933333333,2.333333333,117,0
2013,DEN,15,385,-7,39,17,17,0,2,0,3,34,122,8.133333333,2.6,2.266666667,122,0
2013,DET,15,362,-2,30,14,16,2,0,0,3,30,110,7.333333333,2,2,110,0
2013,GB,15,400,-6,43,10,17,0,1,0,1,27,99,6.6,2.866666667,1.8,99,0
2013,HOU,15,412,-8,31,6,14,1,0,2,3,20,87,5.8,2.066666667,1.333333333,87,0
2013,IND,15,326,10,39,14,17,2,0,2,1,31,125,8.333333333,2.6,2.066666667,125,0
2013,JAX,15,419,-12,30,11,22,2,1,0,1,33,96,6.4,2,2.2,96,0
2013,KC,15,278,19,44,20,22,0,0,0,9,42,201,13.4,2.933333333,2.8,201,0
2013,MIA,15,315,7,42,18,14,1,1,1,2,32,131,8.733333333,2.8,2.133333333,131,0
2013,MIN,15,467,-21,36,12,16,0,0,0,3,28,89,5.933333333,2.4,1.866666667,89,0
2013,NE,15,318,16,44,17,23,0,0,1,2,40,154,10.26666667,2.933333333,2.666666667,154,0
2013,NO,15,287,16,47,11,10,0,0,0,0,21,105,7,3.133333333,1.4,105,0
2013,NYG,15,377,-8,31,15,17,0,1,0,2,32,101,6.733333333,2.066666667,2.133333333,101,0
2013,NYJ,15,380,-6,41,10,10,1,2,0,1,20,87,5.8,2.733333333,1.333333333,87,0
2013,OAK,15,419,-14,35,9,26,0,2,1,1,35,103,6.866666667,2.333333333,2.333333333,103,0
2013,PHI,15,360,0,37,17,17,2,0,0,1,34,115,7.666666667,2.466666667,2.266666667,115,0
2013,PIT,15,363,5,31,9,14,1,0,0,4,23,108,7.2,2.066666667,1.533333333,108,0
2013,SD,15,324,9,33,11,10,0,0,2,1,21,94,6.266666667,2.2,1.4,94,0
2013,SEA,15,222,38,42,26,23,1,1,0,2,49,194,12.93333333,2.8,3.266666667,194,0
2013,SF,15,252,31,37,17,17,1,2,0,2,34,154,10.26666667,2.466666667,2.266666667,154,0
2013,STL,15,337,5,49,14,22,1,0,1,3,36,148,9.866666667,3.266666667,2.4,148,0
2013,TB,15,347,7,34,21,18,1,2,0,4,39,149,9.933333333,2.266666667,2.6,149,0
2013,TEN,15,371,-3,35,11,25,0,0,1,3,36,124,8.266666667,2.333333333,2.4,124,0
2013,WAS,15,458,-18,35,14,22,0,0,0,4,36,113,7.533333333,2.333333333,2.4,113,0
2014,ARI,15,279,15,34,18,16,0,0,3,4,34,147,9.8,2.266666667,2.266666667,147,0
2014,ATL,15,383,-7,21,16,20,0,0,1,2,36,100,6.666666667,1.4,2.4,100,0
2014,BAL,15,292,23,45,10,15,1,1,2,2,25,138,9.2,3,1.666666667,138,0
2014,BUF,15,280,18,50,19,20,1,2,1,2,39,166,11.06666667,3.333333333,2.6,166,0
2014,CAR,15,371,-4,34,12,25,0,0,0,2,37,116,7.733333333,2.266666667,2.466666667,116,0
2014,CHI,15,429,-9,36,13,17,0,0,3,2,30,105,7,2.4,2,105,0
2014,CIN,15,317,18,20,18,13,2,1,0,2,31,118,7.866666667,1.333333333,2.066666667,118,0
2014,CLE,15,317,14,30,21,17,1,1,2,2,38,140,9.333333333,2,2.533333333,140,0
2014,DAL,15,335,5,25,16,17,0,0,0,2,33,108,7.2,1.666666667,2.2,108,0
2014,DEN,15,340,-2,38,17,16,1,0,2,2,33,120,8,2.533333333,2.2,120,0
2014,DET,15,252,19,41,20,16,1,0,1,1,36,142,9.466666667,2.733333333,2.4,142,0
2014,GB,15,328,2,39,18,20,0,0,1,4,38,143,9.533333333,2.6,2.533333333,143,0
2014,HOU,15,290,19,33,20,23,0,1,0,4,43,164,10.93333333,2.2,2.866666667,164,0
2014,IND,15,359,11,37,12,26,0,1,0,1,38,132,8.8,2.466666667,2.533333333,132,0
2014,JAX,15,389,1,42,5,19,0,0,0,0,24,91,6.066666667,2.8,1.6,91,0
2014,KC,15,274,18,39,4,12,0,0,0,3,16,107,7.133333333,2.6,1.066666667,107,0
2014,MIA,15,336,9,38,14,23,3,3,2,2,37,149,9.933333333,2.533333333,2.466666667,149,0
2014,MIN,15,334,8,39,13,13,0,2,0,2,26,115,7.666666667,2.6,1.733333333,115,0
2014,NE,15,296,14,38,16,17,0,1,4,1,33,134,8.933333333,2.533333333,2.2,134,0
2014,NO,15,404,-7,31,11,12,1,0,0,0,23,72,4.8,2.066666667,1.533333333,72,0
2014,NYG,15,366,-3,43,16,14,0,1,0,0,30,102,6.8,2.866666667,2,102,0
2014,NYJ,15,377,-1,38,6,17,1,0,0,0,23,85,5.666666667,2.533333333,1.533333333,85,0
2014,OAK,15,405,-8,21,9,15,0,1,1,0,24,65,4.333333333,1.4,1.6,65,0
2014,PHI,15,374,4,49,11,25,0,3,1,6,36,169,11.26666667,3.266666667,2.4,169,0
2014,PIT,15,351,2,30,9,13,1,0,0,4,22,102,6.8,2,1.466666667,102,0
2014,SD,15,329,8,22,7,21,1,1,1,0,28,92,6.133333333,1.466666667,1.866666667,92,0
2014,SEA,15,248,30,33,11,22,1,2,0,1,33,141,9.4,2.2,2.2,141,0
2014,SF,15,323,7,34,20,12,0,1,0,2,32,119,7.933333333,2.266666667,2.133333333,119,0
2014,STL,15,334,23,37,12,26,0,1,2,5,38,172,11.46666667,2.466666667,2.533333333,172,0
2014,TB,15,387,-10,34,11,25,0,0,1,3,36,116,7.733333333,2.266666667,2.4,116,0
2014,TEN,15,411,-13,38,12,13,1,0,2,1,25,87,5.8,2.533333333,1.666666667,87,0
2014,WAS,15,394,-7,36,6,29,0,0,0,0,35,99,6.6,2.4,2.333333333,99,0
2015,ARI,15,277,19,35,19,22,2,0,0,5,41,170,11.33333333,2.333333333,2.733333333,170,0
2015,ATL,15,325,4,19,15,18,0,0,0,1,33,95,6.333333333,1.266666667,2.2,95,0
2015,BAL,15,377,-5,34,6,13,0,1,2,2,19,85,5.666666667,2.266666667,1.266666667,85,0
2015,BUF,15,342,4,20,14,22,1,0,0,2,36,110,7.333333333,1.333333333,2.4,110,0
2015,CAR,15,298,13,42,22,17,0,0,0,4,39,157,10.46666667,2.8,2.6,157,0
2015,CHI,15,373,-4,31,8,18,0,0,1,0,26,81,5.4,2.066666667,1.733333333,81,0
2015,CIN,15,263,26,41,19,16,0,0,2,1,35,147,9.8,2.733333333,2.333333333,147,0
2015,CLE,15,404,-6,29,9,17,0,1,0,3,26,95,6.333333333,1.933333333,1.733333333,95,0
2015,DAL,15,340,7,30,8,10,0,1,2,1,18,85,5.666666667,2,1.2,85,0
2015,DEN,15,276,24,49,13,21,1,0,1,5,34,175,11.66666667,3.266666667,2.266666667,175,0
2015,DET,15,380,0,38,6,15,1,0,0,1,21,88,5.866666667,2.533333333,1.4,88,0
2015,GB,15,303,11,40,15,18,0,0,1,2,33,131,8.733333333,2.666666667,2.2,131,0
2015,HOU,15,307,27,37,12,22,0,0,1,1,34,140,9.333333333,2.466666667,2.266666667,140,0
2015,IND,15,384,1,31,16,15,1,0,0,3,31,114,7.6,2.066666667,2.066666667,114,0
2015,JAX,15,418,-15,34,8,21,0,1,2,2,29,95,6.333333333,2.266666667,1.933333333,95,0
2015,KC,15,270,23,41,21,14,0,0,1,4,35,160,10.66666667,2.733333333,2.333333333,160,0
2015,MIA,15,379,-3,29,13,14,0,1,0,4,27,106,7.066666667,1.933333333,1.8,106,0
2015,MIN,15,289,8,38,12,17,0,0,1,5,29,136,9.066666667,2.533333333,1.933333333,136,0
2015,NE,15,295,22,48,12,14,1,0,0,0,26,124,8.266666667,3.2,1.733333333,124,0
2015,NO,15,459,-23,30,8,21,0,1,0,1,29,73,4.866666667,2,1.933333333,73,0
2015,NYG,15,407,-10,22,14,23,1,1,2,4,37,118,7.866666667,1.466666667,2.466666667,118,0
2015,NYJ,15,292,12,37,18,17,0,0,0,1,35,125,8.333333333,2.466666667,2.333333333,125,0
2015,OAK,15,376,-5,37,12,21,2,0,2,0,33,106,7.066666667,2.466666667,2.2,106,0
2015,PHI,15,400,-11,35,15,21,1,1,0,5,36,130,8.666666667,2.333333333,2.4,130,0
2015,PIT,15,307,11,41,15,20,0,0,1,3,35,142,9.466666667,2.733333333,2.333333333,142,0
2015,SD,15,371,-2,30,9,10,0,0,0,1,19,72,4.8,2,1.266666667,72,0
2015,SEA,15,271,38,35,11,14,0,0,0,2,25,135,9,2.333333333,1.666666667,135,0
2015,SF,15,371,-3,28,9,13,0,0,2,1,22,79,5.266666667,1.866666667,1.466666667,79,0
2015,STL,15,311,15,40,12,23,1,0,0,2,35,139,9.266666667,2.666666667,2.333333333,139,0
2015,TB,15,379,-4,34,11,23,0,1,0,1,34,106,7.066666667,2.266666667,2.266666667,106,0
2015,TEN,15,393,-11,38,10,16,0,0,1,1,26,87,5.8,2.533333333,1.733333333,87,0
2015,WAS,15,356,0,34,9,23,1,1,0,3,32,120,8,2.266666667,2.133333333,120,0
2016,ARI,15,356,6,41,12,26,2,0,1,1,38,135,9,2.733333333,2.533333333,135,0
2016,ATL,15,374,-1,32,11,14,0,0,0,3,25,99,6.6,2.133333333,1.666666667,99,0
2016,BAL,15,294,16,30,18,21,0,1,2,0,39,130,8.666666667,2,2.6,130,0
2016,BUF,15,348,8,38,12,15,0,1,0,1,27,108,7.2,2.533333333,1.8,108,0
2016,CAR,15,385,-11,44,16,12,1,0,2,1,28,101,6.733333333,2.933333333,1.866666667,101,0
2016,CHI,15,361,1,37,7,15,1,0,1,2,22,98,6.533333333,2.466666667,1.466666667,98,0
2016,CIN,15,305,9,30,15,12,1,0,1,0,27,97,6.466666667,2,1.8,97,0
2016,CLE,15,425,-12,22,9,13,0,0,1,1,22,62,4.133333333,1.466666667,1.466666667,62,0
2016,DAL,15,279,13,34,9,23,0,0,0,0,32,111,7.4,2.266666667,2.133333333,111,0
2016,DEN,15,291,15,40,13,20,0,0,0,3,33,139,9.266666667,2.666666667,2.2,139,0
2016,DET,15,327,4,25,10,7,2,0,1,3,17,87,5.8,1.666666667,1.133333333,87,0
2016,GB,15,364,6,38,16,18,0,0,0,0,34,112,7.466666667,2.533333333,2.266666667,112,0
2016,HOU,15,304,13,27,10,14,0,0,0,2,24,100,6.666666667,1.8,1.6,100,0
2016,IND,15,372,3,31,8,14,0,0,0,1,22,84,5.6,2.066666667,1.466666667,84,0
2016,JAX,15,376,-8,29,6,13,0,0,0,2,19,71,4.733333333,1.933333333,1.266666667,71,0
2016,KC,15,284,17,28,16,21,1,0,0,6,37,157,10.46666667,1.866666667,2.466666667,157,0
2016,LAR,15,350,11,30,8,17,0,0,0,0,25,91,6.066666667,2,1.666666667,91,0
2016,MIA,15,345,6,33,16,23,0,1,0,3,39,137,9.133333333,2.2,2.6,137,0
2016,MIN,15,297,12,39,12,19,1,0,1,5,31,147,9.8,2.6,2.066666667,147,0
2016,NE,15,236,36,34,12,25,3,0,2,0,37,154,10.26666667,2.266666667,2.466666667,154,0
2016,NO,15,416,-16,29,9,18,1,0,0,0,27,69,4.6,1.933333333,1.8,69,0
2016,NYG,15,274,23,31,15,15,0,0,2,1,30,124,8.266666667,2.066666667,2,124,0
2016,NYJ,15,399,-7,24,7,16,0,0,0,1,23,69,4.6,1.6,1.533333333,69,0
2016,OAK,15,361,-1,25,15,19,0,0,0,1,34,98,6.533333333,1.666666667,2.266666667,98,0
2016,PHI,15,318,14,31,14,25,1,0,1,5,39,157,10.46666667,2.066666667,2.6,157,0
2016,PIT,15,303,10,34,12,16,0,0,1,0,28,102,6.8,2.266666667,1.866666667,102,0
2016,SD,15,386,-5,34,17,16,0,0,0,2,33,107,7.133333333,2.266666667,2.2,107,0
2016,SEA,15,269,24,37,11,17,0,1,2,0,28,123,8.2,2.466666667,1.866666667,123,0
2016,SF,15,455,-15,31,10,20,0,0,0,0,30,76,5.066666667,2.066666667,2,76,0
2016,TB,15,353,4,35,14,20,1,0,0,3,34,127,8.466666667,2.333333333,2.266666667,127,0
2016,TEN,15,361,-1,36,12,14,0,0,0,0,26,87,5.8,2.4,1.733333333,87,0
2016,WAS,15,364,-2,37,13,16,0,0,1,1,29,101,6.733333333,2.466666667,1.933333333,101,0
2017,ARI,15,337,13,34,15,17,0,0,0,1,32,117,7.8,2.266666667,2.133333333,117,0
2017,ATL,15,305,6,37,5,18,0,0,0,0,23,89,5.933333333,2.466666667,1.533333333,89,0
2017,BAL,15,272,33,40,22,24,0,0,1,5,46,197,13.13333333,2.666666667,3.066666667,197,0
2017,BUF,15,343,5,26,17,17,0,0,0,1,34,105,7,1.733333333,2.266666667,105,0
2017,CAR,15,305,19,49,10,22,0,0,1,2,32,146,9.733333333,3.266666667,2.133333333,146,0
2017,CHI,15,297,14,40,8,27,1,0,1,3,35,146,9.733333333,2.666666667,2.333333333,146,0
2017,CIN,15,322,9,40,10,11,0,1,1,2,21,107,7.133333333,2.666666667,1.4,107,0
2017,CLE,15,382,-4,31,6,15,0,0,0,1,21,75,5,2.066666667,1.4,75,0
2017,DAL,15,332,2,35,9,11,0,0,1,2,20,91,6.066666667,2.333333333,1.333333333,91,0
2017,DEN,15,355,5,31,9,17,1,1,2,2,26,108,7.2,2.066666667,1.733333333,108,0
2017,DET,15,365,2,31,17,19,0,0,2,5,36,139,9.266666667,2.066666667,2.4,139,0
2017,GB,15,349,2,35,11,14,0,0,0,1,25,93,6.2,2.333333333,1.666666667,93,0
2017,HOU,15,414,-13,31,11,18,1,0,0,2,29,90,6,2.066666667,1.933333333,90,0
2017,IND,15,391,-10,23,12,19,1,1,1,1,31,87,5.8,1.533333333,2.066666667,87,0
2017,JAX,15,253,31,52,21,19,0,0,0,3,40,181,12.06666667,3.466666667,2.666666667,181,0
2017,KC,15,315,11,26,14,18,0,0,1,1,32,109,7.266666667,1.733333333,2.133333333,109,0
2017,LAC,15,262,29,41,17,17,1,0,0,3,34,158,10.53333333,2.733333333,2.266666667,158,0
2017,LAR,15,295,17,48,16,20,2,3,1,4,36,173,11.53333333,3.2,2.4,173,0
2017,MIA,15,371,-5,26,9,18,1,1,2,2,27,95,6.333333333,1.733333333,1.8,95,0
2017,MIN,15,242,29,36,14,7,0,0,0,1,21,113,7.533333333,2.4,1.4,113,0
2017,NE,15,290,18,38,12,12,0,1,2,1,24,116,7.733333333,2.533333333,1.6,116,0
2017,NO,15,295,21,40,17,14,0,1,0,2,31,137,9.133333333,2.666666667,2.066666667,137,0
2017,NYG,15,378,0,24,10,16,1,0,1,2,26,92,6.133333333,1.6,1.733333333,92,0
2017,NYJ,15,356,-1,26,11,20,0,0,0,0,31,87,5.8,1.733333333,2.066666667,87,0
2017,OAK,15,343,1,30,5,22,0,0,0,0,27,85,5.666666667,2,1.8,85,0
2017,PHI,15,289,19,37,19,22,0,1,3,1,41,152,10.13333333,2.466666667,2.733333333,152,0
2017,PIT,15,284,17,50,15,9,1,1,1,0,24,121,8.066666667,3.333333333,1.6,121,0
2017,SEA,15,306,16,38,13,18,2,0,0,3,31,138,9.2,2.533333333,2.066666667,138,0
2017,SF,15,370,-4,27,10,14,0,0,0,1,24,77,5.133333333,1.8,1.6,77,0
2017,TB,15,358,1,20,13,25,0,0,1,1,38,105,7,1.333333333,2.533333333,105,0
2017,TEN,15,346,6,41,10,8,0,0,0,0,18,83,5.533333333,2.733333333,1.2,83,0
2017,WAS,15,370,0,41,15,19,0,0,0,2,34,121,8.066666667,2.733333333,2.266666667,121,0
2018,ARI,15,398,-10,43,6,20,0,0,0,0,26,85,5.666666667,2.866666667,1.733333333,85,0
2018,ATL,15,391,-10,36,14,15,0,1,0,1,29,92,6.133333333,2.4,1.933333333,92,0
2018,BAL,15,263,28,43,9,17,0,0,0,1,26,129,8.6,2.866666667,1.733333333,129,0
2018,BUF,15,357,5,32,14,22,1,0,0,0,36,111,7.4,2.133333333,2.4,111,0
2018,CAR,15,368,0,33,12,19,0,0,0,0,31,95,6.333333333,2.2,2.066666667,95,0
2018,CHI,15,273,21,46,27,19,1,0,0,5,46,191,12.73333333,3.066666667,3.066666667,191,0
2018,CIN,15,439,-18,33,11,11,0,1,0,2,22,73,4.866666667,2.2,1.466666667,73,0
2018,CLE,15,366,-7,35,17,21,1,0,2,0,38,110,7.333333333,2.333333333,2.533333333,110,0
2018,DAL,15,289,12,38,8,22,0,0,0,0,30,110,7.333333333,2.533333333,2,110,0
2018,DEN,15,326,8,43,15,17,0,1,2,2,32,133,8.866666667,2.866666667,2.133333333,133,0
2018,DET,15,360,3,40,6,13,0,0,0,2,19,93,6.2,2.666666667,1.266666667,93,0
2018,GB,15,369,4,43,7,17,0,1,0,1,24,103,6.866666667,2.866666667,1.6,103,0
2018,HOU,15,313,13,40,14,22,0,1,0,3,36,145,9.666666667,2.666666667,2.4,145,0
2018,IND,15,327,18,38,13,15,0,0,1,0,28,114,7.6,2.533333333,1.866666667,114,0
2018,JAX,15,296,17,31,11,13,1,0,0,3,24,116,7.733333333,2.066666667,1.6,116,0
2018,KC,15,418,-14,49,13,21,0,1,0,3,34,123,8.2,3.266666667,2.266666667,123,0
2018,LAC,15,320,7,37,12,11,0,0,0,2,23,102,6.8,2.466666667,1.533333333,102,0
2018,LAR,15,352,11,38,15,19,2,2,0,2,34,137,9.133333333,2.533333333,2.266666667,137,0
2018,MIA,15,391,-3,30,20,11,0,1,1,4,31,117,7.8,2,2.066666667,117,0
2018,MIN,15,317,7,50,12,13,0,0,0,1,25,113,7.533333333,3.333333333,1.666666667,113,0
2018,NE,15,322,17,26,18,11,0,2,0,2,29,117,7.8,1.733333333,1.933333333,117,0
2018,NO,15,320,1,48,12,19,0,2,0,1,31,121,8.066666667,3.2,2.066666667,121,0
2018,NYG,15,376,-6,26,16,10,0,0,0,4,26,96,6.4,1.733333333,1.733333333,96,0
2018,NYJ,15,403,-9,38,13,15,0,1,0,5,28,117,7.8,2.533333333,1.866666667,117,0
2018,OAK,15,432,-16,13,13,10,0,0,0,2,23,55,3.666666667,0.866666667,1.533333333,55,0
2018,PHI,15,348,6,40,9,20,0,0,0,0,29,104,6.933333333,2.666666667,1.933333333,104,0
2018,PIT,15,347,1,48,8,16,1,1,2,2,24,117,7.8,3.2,1.6,117,0
2018,SEA,15,323,12,37,12,22,0,0,1,1,34,125,8.333333333,2.466666667,2.266666667,125,0
2018,SF,15,387,-6,37,2,21,1,0,0,2,23,91,6.066666667,2.466666667,1.533333333,91,0
2018,TB,15,430,-18,37,8,20,0,0,0,0,28,75,5,2.466666667,1.866666667,75,0
2018,TEN,15,270,27,38,10,14,1,0,0,2,24,127,8.466666667,2.533333333,1.6,127,0
2018,WAS,15,335,11,43,14,23,0,0,0,0,37,128,8.533333333,2.866666667,2.466666667,128,0
2019,ARI,15,411,-9,39,7,13,0,0,0,0,20,70,4.666666667,2.6,1.333333333,70,0
2019,ATL,15,377,0,27,10,17,0,0,0,2,27,93,6.2,1.8,1.8,93,0
2019,BAL,15,272,20,35,13,20,0,0,2,2,33,137,9.133333333,2.333333333,2.2,137,0
2019,BUF,15,246,23,42,13,23,1,0,2,1,36,149,9.933333333,2.8,2.4,149,0
2019,CAR,15,428,-14,52,14,18,2,1,1,0,32,110,7.333333333,3.466666667,2.133333333,110,0
2019,CHI,15,279,16,32,8,12,0,0,0,2,20,100,6.666666667,2.133333333,1.333333333,100,0
2019,CIN,15,397,-5,25,8,12,0,0,0,1,20,66,4.4,1.666666667,1.333333333,66,0
2019,CLE,15,360,1,37,13,12,0,0,2,1,25,98,6.533333333,2.466666667,1.666666667,98,0
2019,DAL,15,305,18,37,6,17,0,0,0,0,23,101,6.733333333,2.466666667,1.533333333,101,0
2019,DEN,15,301,16,38,10,16,0,0,1,0,26,108,7.2,2.533333333,1.733333333,108,0
2019,DET,15,400,-10,27,6,15,0,0,0,2,21,71,4.733333333,1.8,1.4,71,0
2019,GB,15,293,18,40,16,10,0,0,0,0,26,110,7.333333333,2.666666667,1.733333333,110,0
2019,HOU,15,350,2,31,12,19,0,0,2,2,31,111,7.4,2.066666667,2.066666667,111,0
2019,IND,15,335,13,38,14,13,2,0,0,3,27,127,8.466666667,2.533333333,1.8,127,0
2019,JAX,15,377,0,44,10,15,0,0,1,1,25,102,6.8,2.933333333,1.666666667,102,0
2019,KC,15,287,23,42,14,17,0,0,1,1,31,135,9,2.8,2.066666667,135,0
2019,LAC,15,314,13,30,10,11,0,0,0,1,21,91,6.066666667,2,1.4,91,0
2019,LAR,15,340,14,49,11,15,1,0,0,2,26,129,8.6,3.266666667,1.733333333,129,0
2019,MIA,15,470,-24,22,12,14,1,0,0,1,26,58,3.866666667,1.466666667,1.733333333,58,0
2019,MIN,15,282,17,44,17,28,1,1,0,1,45,161,10.73333333,2.933333333,3,161,0
2019,NE,15,198,49,45,25,15,1,4,0,4,40,208,13.86666667,3,2.666666667,208,0
2019,NO,15,331,12,49,11,14,1,1,0,2,25,127,8.466666667,3.266666667,1.666666667,127,0
2019,NYG,15,417,-15,35,10,19,1,1,0,1,29,88,5.866666667,2.333333333,1.933333333,88,0
2019,NYJ,15,353,5,34,10,14,2,1,0,3,24,111,7.4,2.266666667,1.6,111,0
2019,OAK,15,403,-9,30,9,14,0,0,0,2,23,79,5.266666667,2,1.533333333,79,0
2019,PHI,15,337,7,39,10,20,0,0,1,1,30,114,7.6,2.6,2,114,0
2019,PIT,15,275,22,51,19,33,0,0,0,2,52,189,12.6,3.4,3.466666667,189,0
2019,SEA,15,372,1,26,16,26,0,1,2,2,42,129,8.6,1.733333333,2.8,129,0
2019,SF,15,289,24,47,12,22,0,0,0,4,34,163,10.86666667,3.133333333,2.266666667,163,0
2019,TB,15,421,-14,41,12,24,0,0,0,2,36,111,7.4,2.733333333,2.4,111,0
2019,TEN,15,317,5,39,13,18,1,0,3,1,31,120,8,2.6,2.066666667,120,0
2019,WAS,15,388,-7,43,13,20,0,1,0,1,33,110,7.333333333,2.866666667,2.2,110,0
2020,ARI,15,349,4,46,10,19,1,2,0,0,29,114,7.6,3.066666667,1.933333333,114,0
2020,ATL,15,370,-2,28,11,13,0,0,0,1,24,80,5.333333333,1.866666667,1.6,80,0
2020,BAL,15,300,18,39,8,26,2,0,0,1,34,135,9,2.6,2.266666667,135,0
2020,BUF,15,349,3,37,12,15,0,0,0,1,27,100,6.666666667,2.466666667,1.8,100,0
2020,CAR,15,369,6,27,7,19,0,0,0,0,26,85,5.666666667,1.8,1.733333333,85,0
2020,CHI,15,335,5,34,10,20,1,0,1,1,30,109,7.266666667,2.266666667,2,109,0
2020,CIN,15,386,-13,17,10,11,0,0,0,1,21,52,3.466666667,1.133333333,1.4,52,0
2020,CLE,15,397,-10,37,10,22,2,0,1,2,32,109,7.266666667,2.466666667,2.133333333,109,0
2020,DAL,15,450,-20,29,9,16,0,0,0,1,25,65,4.333333333,1.933333333,1.666666667,65,0
2020,DEN,15,414,-9,39,8,14,0,0,1,1,22,82,5.466666667,2.6,1.466666667,82,0
2020,DET,15,482,-28,21,7,9,1,3,0,1,16,39,2.6,1.4,1.066666667,39,0
2020,GB,15,353,-3,40,10,9,1,0,0,1,19,83,5.533333333,2.666666667,1.266666667,83,0
2020,HOU,15,423,-15,32,3,11,0,1,1,1,14,55,3.666666667,2.133333333,0.933333333,55,0
2020,IND,15,348,6,34,15,11,3,1,0,5,26,130,8.666666667,2.266666667,1.733333333,130,0
2020,JAX,15,464,-18,18,11,10,0,1,0,2,21,56,3.733333333,1.2,1.4,56,0
2020,KC,15,324,5,29,16,10,2,0,1,4,26,116,7.733333333,1.933333333,1.733333333,116,0
2020,LAC,15,405,-8,26,12,15,0,0,0,2,27,84,5.6,1.733333333,1.8,84,0
2020,LAR,15,289,15,49,13,14,0,0,0,2,27,130,8.666666667,3.266666667,1.8,130,0
2020,LV,15,447,-14,19,10,11,0,0,0,0,21,47,3.133333333,1.266666667,1.4,47,0
2020,MIA,15,282,27,40,16,18,0,1,0,1,34,143,9.533333333,2.666666667,2.266666667,143,0
2020,MIN,15,440,-13,22,14,14,1,0,1,0,28,69,4.6,1.466666667,1.866666667,69,0
2020,NE,15,339,7,21,16,14,0,0,1,2,30,102,6.8,1.4,2,102,0
2020,NO,15,330,15,42,13,22,0,0,1,1,35,135,9,2.8,2.333333333,135,0
2020,NYG,15,338,0,34,10,17,0,0,0,1,27,94,6.266666667,2.266666667,1.8,94,0
2020,NYJ,15,429,-20,28,10,11,1,2,0,1,21,62,4.133333333,1.866666667,1.4,62,0
2020,PHI,15,398,-11,46,6,27,1,0,1,2,33,117,7.8,3.066666667,2.2,117,0
2020,PIT,15,288,16,52,18,21,1,0,0,3,39,166,11.06666667,3.466666667,2.6,166,0
2020,SEA,15,348,4,43,14,14,2,1,0,0,28,109,7.266666667,2.866666667,1.866666667,109,0
2020,SF,15,364,6,28,12,12,0,0,0,1,24,88,5.866666667,1.866666667,1.6,88,0
2020,TB,15,328,8,47,15,14,1,1,0,1,29,123,8.2,3.133333333,1.933333333,123,0
2020,TEN,15,401,-9,15,14,16,0,0,1,1,30,74,4.933333333,1,2,74,0
2020,WAS,15,315,10,44,14,16,1,0,0,3,30,134,8.933333333,2.933333333,2,134,0
2021,ARI,16,328,17,40,12,35,0,0,0,1,47,157,9.8125,2.5,2.9375,157,0
2021,ATL,16,429,-12,17,12,18,0,0,1,2,30,79,4.9375,1.0625,1.875,79,0
2021,BAL,16,376,5,33,8,15,0,0,1,1,23,92,5.75,2.0625,1.4375,92,0
2021,BUF,16,279,33,33,19,20,1,0,1,1,39,154,9.625,2.0625,2.4375,154,0
2021,CAR,16,363,8,38,9,19,1,1,0,0,28,106,6.625,2.375,1.75,106,0
2021,CHI,16,376,4,46,8,22,1,0,0,2,30,124,7.75,2.875,1.875,124,0
2021,CIN,16,355,11,41,12,15,0,0,0,1,27,112,7,2.5625,1.6875,112,0
2021,CLE,16,355,6,39,13,15,0,0,1,1,28,109,6.8125,2.4375,1.75,109,0
2021,DAL,16,332,10,38,25,23,0,3,0,6,48,186,11.625,2.375,3,186,0
2021,DEN,16,294,31,35,13,9,0,0,3,1,22,122,7.625,2.1875,1.375,122,0
2021,DET,16,437,-13,26,9,14,0,0,0,0,23,59,3.6875,1.625,1.4375,59,0
2021,GB,16,334,16,38,18,16,0,0,1,2,34,136,8.5,2.375,2.125,136,0
2021,HOU,16,424,-8,31,17,17,1,0,0,2,34,105,6.5625,1.9375,2.125,105,0
2021,IND,16,339,14,32,19,21,1,2,0,0,40,132,8.25,2,2.5,132,0
2021,JAX,16,446,-14,26,6,7,0,0,0,1,13,44,2.75,1.625,0.8125,44,0
2021,KC,16,340,13,30,15,24,0,0,1,2,39,135,8.4375,1.875,2.4375,135,0
2021,LAC,16,424,-9,32,11,11,0,0,0,1,22,73,4.5625,2,1.375,73,0
2021,LAR,16,345,4,47,17,12,0,0,0,1,29,115,7.1875,2.9375,1.8125,115,0
2021,LV,16,407,-6,32,5,23,1,0,0,0,28,84,5.25,2,1.75,84,0
2021,MIA,16,349,14,46,13,26,0,1,0,2,39,152,9.5,2.875,2.4375,152,0
2021,MIN,16,409,-5,44,14,20,0,0,1,3,34,127,7.9375,2.75,2.125,127,0
2021,NE,16,270,39,35,23,16,0,0,0,3,39,170,10.625,2.1875,2.4375,170,0
2021,NO,16,315,28,43,17,10,0,1,1,2,27,141,8.8125,2.6875,1.6875,141,0
2021,NYG,16,394,-3,31,15,19,1,0,0,1,34,104,6.5,1.9375,2.125,104,0
2021,NYJ,16,477,-17,33,7,12,0,0,0,2,19,66,4.125,2.0625,1.1875,66,0
2021,PHI,16,334,18,28,12,16,0,1,1,2,28,118,7.375,1.75,1.75,118,0
2021,PIT,16,385,-5,52,11,18,0,2,0,1,29,115,7.1875,3.25,1.8125,115,0
2021,SEA,16,336,12,29,11,16,1,0,0,1,27,103,6.4375,1.8125,1.6875,103,0
2021,SF,16,341,15,43,7,21,0,0,1,2,28,128,8,2.6875,1.75,128,0
2021,TB,16,336,17,45,16,14,0,0,0,2,30,134,8.375,2.8125,1.875,134,0
2021,TEN,16,329,16,41,16,18,0,0,1,2,34,139,8.6875,2.5625,2.125,139,0
2021,WAS,16,427,-10,35,9,19,0,0,1,2,28,95,5.9375,2.1875,1.75,95,0
2022,ARI,16,411,-9,32,11,23,0,0,1,3,34,111,6.9375,2,2.125,111,0
2022,ATL,16,369,-4,21,10,15,1,2,1,2,25,87,5.4375,1.3125,1.5625,87,0
2022,BAL,16,288,25,46,14,20,0,0,2,1,34,149,9.3125,2.875,2.125,149,0
2022,BUF,15,263,26,39,14,21,2,0,1,1,35,147,9.8,2.6,2.333333333,147,0
2022,CAR,16,367,4,34,10,21,0,0,3,2,31,118,7.375,2.125,1.9375,118,0
2022,CHI,16,434,-12,20,13,27,0,0,1,0,40,90,5.625,1.25,2.5,90,0
2022,CIN,15,306,9,26,11,13,0,0,2,0,24,87,5.8,1.733333333,1.6,87,0
2022,CLE,16,353,8,33,11,12,0,0,1,2,23,101,6.3125,2.0625,1.4375,101,0
2022,DAL,16,316,21,51,15,24,0,1,1,0,39,154,9.625,3.1875,2.4375,154,0
2022,DEN,16,331,14,35,15,20,1,0,1,0,35,123,7.6875,2.1875,2.1875,123,0
2022,DET,16,411,-8,37,11,16,1,0,0,2,27,97,6.0625,2.3125,1.6875,97,0
2022,GB,16,351,9,33,17,19,1,0,1,3,36,136,8.5,2.0625,2.25,136,0
2022,HOU,16,389,1,37,14,22,1,0,0,0,36,112,7,2.3125,2.25,112,0
2022,IND,16,395,-6,43,8,28,0,1,1,1,36,119,7.4375,2.6875,2.25,119,0
2022,JAX,16,334,24,31,13,17,0,0,0,2,30,127,7.9375,1.9375,1.875,127,0
2022,KC,16,356,7,49,10,17,1,0,0,2,27,124,7.75,3.0625,1.6875,124,0
2022,LAC,16,353,5,38,13,16,1,0,1,1,29,111,6.9375,2.375,1.8125,111,0
2022,LAR,16,365,8,35,14,14,0,0,1,1,28,107,6.6875,2.1875,1.75,107,0
2022,LV,16,387,-1,25,6,17,0,1,1,1,23,80,5,1.5625,1.4375,80,0
2022,MIA,16,393,-1,40,8,14,0,1,1,0,22,87,5.4375,2.5,1.375,87,0
2022,MIN,16,414,-8,37,13,19,0,2,1,1,32,105,6.5625,2.3125,2,105,0
2022,NE,16,312,24,52,18,20,0,1,0,6,38,190,11.875,3.25,2.375,190,0
2022,NO,16,335,16,46,5,18,0,0,1,1,23,116,7.25,2.875,1.4375,116,0
2022,NYG,16,349,8,38,5,18,0,1,0,1,23,100,6.25,2.375,1.4375,100,0
2022,NYJ,16,305,17,44,12,11,2,2,1,0,23,117,7.3125,2.75,1.4375,117,0
2022,PHI,16,328,10,68,17,21,0,0,0,2,38,166,10.375,4.25,2.375,166,0
2022,PIT,16,332,5,33,18,10,0,0,2,1,28,104,6.5,2.0625,1.75,104,0
2022,SEA,16,385,3,40,13,18,0,0,1,1,31,113,7.0625,2.5,1.9375,113,0
2022,SF,16,264,32,41,17,16,0,0,0,2,33,151,9.4375,2.5625,2.0625,151,0
2022,TB,16,328,11,43,10,13,0,0,1,1,23,108,6.75,2.6875,1.4375,108,0
2022,TEN,16,339,4,38,14,14,0,0,0,1,28,104,6.5,2.375,1.75,104,0
2022,WAS,16,337,5,42,8,18,1,0,0,1,26,107,6.6875,2.625,1.625,107,0
2023,ARI,16,434,-11,33,11,19,0,0,0,0,30,82,5.125,2.0625,1.875,82,0
2023,ATL,16,325,14,39,8,18,1,0,0,1,26,113,7.0625,2.4375,1.625,113,0
2023,BAL,16,263,33,57,18,19,1,0,0,2,37,178,11.125,3.5625,2.3125,178,0
2023,BUF,16,297,22,53,16,19,0,0,1,2,35,159,9.9375,3.3125,2.1875,159,0
2023,CAR,16,407,-5,24,8,14,0,0,0,3,22,81,5.0625,1.5,1.375,81,0
2023,CHI,16,362,7,29,22,15,0,0,1,2,37,124,7.75,1.8125,2.3125,124,0
2023,CIN,16,370,4,41,15,15,0,0,0,2,30,117,7.3125,2.5625,1.875,117,0
2023,CLE,16,331,19,46,17,21,0,0,3,2,38,159,9.9375,2.875,2.375,159,0
2023,DAL,16,305,24,42,15,14,1,1,1,5,29,160,10,2.625,1.8125,160,0
2023,DEN,16,386,3,39,11,18,1,0,1,2,29,116,7.25,2.4375,1.8125,116,0
2023,DET,16,375,1,37,14,11,1,0,0,1,25,96,6,2.3125,1.5625,96,0
2023,GB,16,341,10,40,7,25,0,0,2,1,32,124,7.75,2.5,2,124,0
2023,HOU,16,334,13,45,14,18,0,0,1,2,32,136,8.5,2.8125,2,136,0
2023,IND,16,392,-1,49,15,16,0,1,0,3,31,130,8.125,3.0625,1.9375,130,0
2023,JAX,16,343,12,38,15,20,0,0,0,2,35,132,8.25,2.375,2.1875,132,0
2023,KC,16,282,17,54,8,15,0,0,1,0,23,119,7.4375,3.375,1.4375,119,0
2023,LAC,16,385,9,47,8,21,0,0,0,1,29,120,7.5,2.9375,1.8125,120,0
2023,LAR,16,357,1,38,10,9,2,0,0,0,19,81,5.0625,2.375,1.1875,81,0
2023,LV,16,317,19,41,12,16,1,0,0,3,28,136,8.5,2.5625,1.75,136,0
2023,MIA,16,370,9,53,13,24,0,0,0,4,37,160,10,3.3125,2.3125,160,0
2023,MIN,16,332,22,42,11,21,0,0,0,0,32,128,8,2.625,2,128,0
2023,NE,16,349,13,35,10,13,1,0,1,1,23,104,6.5,2.1875,1.4375,104,0
2023,NO,16,310,28,33,16,14,0,0,0,2,30,133,8.3125,2.0625,1.875,133,0
2023,NYG,16,397,-1,29,16,26,0,0,1,4,42,138,8.625,1.8125,2.625,138,0
2023,NYJ,16,352,10,41,15,20,2,1,0,3,35,145,9.0625,2.5625,2.1875,145,0
2023,PHI,16,401,-6,41,8,17,1,0,1,2,25,101,6.3125,2.5625,1.5625,101,0
2023,PIT,16,314,15,43,16,15,1,2,0,1,31,132,8.25,2.6875,1.9375,132,0
2023,SEA,16,382,2,46,11,11,0,0,1,3,22,112,7,2.875,1.375,112,0
2023,SF,16,277,27,46,21,13,1,0,0,1,34,149,9.3125,2.875,2.125,149,0
2023,TB,16,325,14,45,13,21,1,0,0,1,34,135,8.4375,2.8125,2.125,135,0
2023,TEN,16,347,10,45,4,14,0,0,1,1,18,99,6.1875,2.8125,1.125,99,0
2023,WAS,16,480,-22,39,7,17,0,0,0,0,24,65,4.0625,2.4375,1.5,65,0
2024,ARI,16,355,11,39,7,17,1,0,0,1,24,106,6.625,2.4375,1.5,106,0
2024,ATL,16,379,-2,31,12,19,1,1,0,3,31,113,7.0625,1.9375,1.9375,113,0
2024,BAL,16,351,10,52,10,17,0,0,1,1,27,124,7.75,3.25,1.6875,124,0
2024,BUF,16,345,8,38,16,22,1,0,0,2,38,136,8.5,2.375,2.375,136,0
2024,CAR,16,496,-26,31,8,15,0,0,0,0,23,51,3.1875,1.9375,1.4375,51,0
2024,CHI,16,348,5,37,11,19,0,2,0,1,30,112,7,2.3125,1.875,112,0
2024,CIN,16,417,-8,32,15,14,1,0,1,3,29,104,6.5,2,1.8125,104,0
2024,CLE,16,400,-6,41,4,17,1,0,1,0,21,81,5.0625,2.5625,1.3125,81,0
2024,DAL,16,445,-13,46,13,22,0,0,0,4,35,127,7.9375,2.875,2.1875,127,0
2024,DEN,16,311,22,58,15,15,1,0,0,3,30,160,10,3.625,1.875,160,0
2024,DET,16,333,16,35,16,16,0,0,0,2,32,127,7.9375,2.1875,2,127,0
2024,GB,16,314,25,44,16,19,0,0,1,1,35,147,9.1875,2.75,2.1875,147,0
2024,HOU,16,358,9,47,19,11,1,0,0,1,30,124,7.75,2.9375,1.875,124,0
2024,IND,16,404,-5,34,15,18,0,1,0,0,33,97,6.0625,2.125,2.0625,97,0
2024,JAX,16,409,-2,31,6,12,0,0,1,1,18,73,4.5625,1.9375,1.125,73,0
2024,KC,16,288,19,39,13,11,0,0,1,0,24,108,6.75,2.4375,1.5,108,0
2024,LAC,16,281,26,46,14,16,0,0,1,1,30,140,8.75,2.875,1.875,140,0
2024,LAR,16,356,5,36,13,14,1,1,0,2,27,111,6.9375,2.25,1.6875,111,0
2024,LV,16,400,-6,37,10,7,0,0,0,1,17,71,4.4375,2.3125,1.0625,71,0
2024,MIA,16,332,11,32,9,17,0,0,0,0,26,95,5.9375,2,1.625,95,0
2024,MIN,16,301,26,47,22,15,0,1,1,2,37,163,10.1875,2.9375,2.3125,163,0
2024,NE,16,401,-1,28,7,22,0,1,0,0,29,87,5.4375,1.75,1.8125,87,0
2024,NO,16,371,4,38,13,10,1,1,2,2,23,108,6.75,2.375,1.4375,108,0
2024,NYG,16,395,-6,43,5,18,0,0,2,1,23,93,5.8125,2.6875,1.4375,93,0
2024,NYJ,16,384,4,39,5,16,0,1,0,1,21,93,5.8125,2.4375,1.3125,93,0
2024,PHI,16,290,23,41,12,21,0,0,0,1,33,136,8.5,2.5625,2.0625,136,0
2024,PIT,16,328,16,36,16,25,0,1,2,1,41,146,9.125,2.25,2.5625,146,0
2024,SEA,16,343,12,42,12,18,1,1,1,3,30,138,8.625,2.625,1.875,138,0
2024,SF,16,389,-2,37,11,16,0,0,1,1,27,97,6.0625,2.3125,1.6875,97,0
2024,TB,16,366,2,44,7,27,1,1,1,0,34,120,7.5,2.75,2.125,120,0
2024,TEN,16,437,-10,31,11,19,2,0,0,0,30,85,5.3125,1.9375,1.875,85,0
2024,WAS,16,372,1,41,7,21,0,0,1,1,28,106,6.625,2.5625,1.75,106,0
